image_id,case_type,label,category,generator,split,owner_check,scores
gen_000547,false_positive,0,아우터,sd35_medium,test_unseen,True,"{""original"": 83.7887, ""center_square"": 83.7887, ""downscale_512"": 85.2187, ""gen_jpeg_real_quality"": 83.9766, ""jpeg_q75"": 83.9766, ""jpeg_q90"": 79.703}"
gen_000721,false_positive,0,원피스,qwen_image_21,val,True,"{""original"": 84.8862}"
gen_000914,false_positive,0,상의,qwen_image_21,val,True,"{""original"": 97.7566}"
gen_000972,false_positive,0,상의,qwen_image_21,test,True,"{""original"": 95.7934, ""center_square"": 98.8029, ""downscale_512"": 97.1283, ""gen_jpeg_real_quality"": 98.5684, ""jpeg_q75"": 98.5684, ""jpeg_q90"": 97.2344}"
gen_002679,false_positive,0,아우터,sd35_medium,test_unseen,True,"{""original"": 81.5984, ""center_square"": 81.5984, ""downscale_512"": 83.2025, ""gen_jpeg_real_quality"": 97.7377, ""jpeg_q75"": 97.7377, ""jpeg_q90"": 95.6087}"
gen_002727,false_positive,0,아우터,sd35_medium,test_unseen,True,"{""original"": 99.381, ""center_square"": 99.381, ""downscale_512"": 99.444, ""gen_jpeg_real_quality"": 99.5682, ""jpeg_q75"": 99.5682, ""jpeg_q90"": 99.3078}"
gen_002731,false_positive,0,아우터,sd35_medium,test_unseen,True,"{""original"": 72.6344, ""center_square"": 72.6344, ""downscale_512"": 79.5521, ""gen_jpeg_real_quality"": 84.0512, ""jpeg_q75"": 84.0512, ""jpeg_q90"": 80.8799}"
gen_002738,false_positive,0,아우터,sd35_medium,test_unseen,True,"{""original"": 96.6717, ""center_square"": 98.7805, ""downscale_512"": 97.0524, ""gen_jpeg_real_quality"": 98.1533, ""jpeg_q75"": 98.1533, ""jpeg_q90"": 97.0587}"
gen_002786,false_positive,0,상의,sd35_medium,test_unseen,True,"{""original"": 84.6315, ""center_square"": 95.1565, ""downscale_512"": 84.021, ""gen_jpeg_real_quality"": 87.126, ""jpeg_q75"": 87.126, ""jpeg_q90"": 88.2182}"
gen_002813,false_positive,0,상의,sd35_medium,test_unseen,True,"{""original"": 96.2626, ""center_square"": 96.2626, ""downscale_512"": 96.0521, ""gen_jpeg_real_quality"": 97.2369, ""jpeg_q75"": 97.2369, ""jpeg_q90"": 97.9872}"
1032814,false_negative,1,아우터,,test,True,"{""original"": 46.9026, ""center_square"": 96.7871, ""downscale_512"": 44.902, ""jpeg_q75"": 47.2085, ""jpeg_q90"": 47.2398}"
1213455,false_negative,1,하의,,test,True,"{""original"": 55.1974, ""center_square"": 99.929, ""downscale_512"": 75.21, ""jpeg_q75"": 55.9496, ""jpeg_q90"": 70.4034}"
1284862,false_negative,1,원피스,,test,True,"{""original"": 42.9301, ""center_square"": 65.4286, ""downscale_512"": 42.3209, ""jpeg_q75"": 42.5947, ""jpeg_q90"": 38.4358}"
466048,false_negative,1,원피스,,test,True,"{""original"": 54.9943, ""center_square"": 78.5675, ""downscale_512"": 70.4757, ""jpeg_q75"": 57.6992, ""jpeg_q90"": 63.6248}"
691880,false_negative,1,상의,,val,True,"{""original"": 32.5163}"
1207189,low_confidence,1,하의,,val,True,"{""original"": 75.214}"
1247671,low_confidence,1,아우터,,val,False,"{""original"": 69.6699}"
1306012,low_confidence,1,상의,,val,False,"{""original"": 76.0499}"
1332250,low_confidence,1,상의,,val,False,"{""original"": 89.2724}"
gen_000551,low_confidence,0,아우터,sd35_medium,test_unseen,False,"{""original"": 16.3653, ""center_square"": 16.3653, ""downscale_512"": 14.9062, ""gen_jpeg_real_quality"": 18.516, ""jpeg_q75"": 18.516, ""jpeg_q90"": 11.2907}"
gen_000581,low_confidence,0,상의,sd35_medium,test_unseen,False,"{""original"": 13.6533, ""center_square"": 13.6533, ""downscale_512"": 19.077, ""gen_jpeg_real_quality"": 53.4241, ""jpeg_q75"": 53.4241, ""jpeg_q90"": 48.0229}"
gen_000736,low_confidence,0,원피스,qwen_image_21,val,True,"{""original"": 57.378}"
gen_001037,low_confidence,0,하의,qwen_image_21,test,False,"{""original"": 32.8839, ""center_square"": 32.8839, ""downscale_512"": 33.4562, ""gen_jpeg_real_quality"": 25.251, ""jpeg_q75"": 25.251, ""jpeg_q90"": 35.2691}"
gen_001085,low_confidence,0,하의,qwen_image_21,test,False,"{""original"": 12.5655, ""center_square"": 12.5655, ""downscale_512"": 13.7981, ""gen_jpeg_real_quality"": 57.776, ""jpeg_q75"": 57.776, ""jpeg_q90"": 49.8237}"
gen_001409,low_confidence,0,상의,z_image_turbo,test,True,"{""original"": 59.4688, ""center_square"": 59.4688, ""downscale_512"": 71.0255, ""gen_jpeg_real_quality"": 96.0485, ""jpeg_q75"": 96.0485, ""jpeg_q90"": 76.939}"
gen_001679,low_confidence,0,원피스,sdxl,val,False,"{""original"": 15.4427}"
gen_002024,low_confidence,0,하의,sdxl,val,False,"{""original"": 24.3342}"
gen_002543,low_confidence,0,원피스,sd35_medium,test_unseen,False,"{""original"": 15.0287, ""center_square"": 15.0287, ""downscale_512"": 23.5446, ""gen_jpeg_real_quality"": 35.0402, ""jpeg_q75"": 35.0402, ""jpeg_q90"": 51.5565}"
gen_002671,low_confidence,0,아우터,sd35_medium,test_unseen,False,"{""original"": 21.5787, ""center_square"": 21.5787, ""downscale_512"": 27.5606, ""gen_jpeg_real_quality"": 74.9443, ""jpeg_q75"": 74.9443, ""jpeg_q90"": 35.9197}"
gen_002677,low_confidence,0,아우터,sd35_medium,test_unseen,False,"{""original"": 26.8071, ""center_square"": 26.8071, ""downscale_512"": 32.0583, ""gen_jpeg_real_quality"": 56.6286, ""jpeg_q75"": 56.6286, ""jpeg_q90"": 32.1327}"
gen_002693,low_confidence,0,아우터,sd35_medium,test_unseen,False,"{""original"": 46.1331, ""center_square"": 46.1331, ""downscale_512"": 36.2128, ""gen_jpeg_real_quality"": 35.9072, ""jpeg_q75"": 35.9072, ""jpeg_q90"": 32.3611}"
gen_002713,low_confidence,0,아우터,sd35_medium,test_unseen,False,"{""original"": 18.4334, ""center_square"": 18.4334, ""downscale_512"": 21.385, ""gen_jpeg_real_quality"": 27.2794, ""jpeg_q75"": 27.2794, ""jpeg_q90"": 25.4569}"
gen_002723,low_confidence,0,아우터,sd35_medium,test_unseen,False,"{""original"": 56.8391, ""center_square"": 56.8391, ""downscale_512"": 55.3591, ""gen_jpeg_real_quality"": 76.208, ""jpeg_q75"": 76.208, ""jpeg_q90"": 68.0562}"
gen_002736,low_confidence,0,아우터,sd35_medium,test_unseen,False,"{""original"": 63.4769, ""center_square"": 98.8082, ""downscale_512"": 72.5553, ""gen_jpeg_real_quality"": 88.5255, ""jpeg_q75"": 88.5255, ""jpeg_q90"": 84.0584}"
gen_002753,low_confidence,0,아우터,sd35_medium,test_unseen,False,"{""original"": 20.7033, ""center_square"": 20.7033, ""downscale_512"": 19.0322, ""gen_jpeg_real_quality"": 26.4468, ""jpeg_q75"": 26.4468, ""jpeg_q90"": 34.355}"
gen_002759,low_confidence,0,아우터,sd35_medium,test_unseen,True,"{""original"": 65.4065, ""center_square"": 65.4065, ""downscale_512"": 67.0799, ""gen_jpeg_real_quality"": 87.4826, ""jpeg_q75"": 87.4826, ""jpeg_q90"": 75.8998}"
gen_002761,low_confidence,0,아우터,sd35_medium,test_unseen,True,"{""original"": 10.2163, ""center_square"": 10.2163, ""downscale_512"": 6.9997, ""gen_jpeg_real_quality"": 19.8723, ""jpeg_q75"": 19.8723, ""jpeg_q90"": 10.9789}"
gen_002814,low_confidence,0,상의,sd35_medium,test_unseen,True,"{""original"": 25.0659, ""center_square"": 56.2219, ""downscale_512"": 27.844, ""gen_jpeg_real_quality"": 13.3797, ""jpeg_q75"": 13.3797, ""jpeg_q90"": 6.3351}"
gen_002866,low_confidence,0,상의,sd35_medium,test_unseen,False,"{""original"": 19.861, ""center_square"": 8.5477, ""downscale_512"": 17.9654, ""gen_jpeg_real_quality"": 5.7882, ""jpeg_q75"": 5.7882, ""jpeg_q90"": 6.3644}"
gen_000504,transform_flip,0,원피스,sd35_medium,test_unseen,False,"{""original"": 2.8169, ""center_square"": 82.7461, ""downscale_512"": 3.2464, ""gen_jpeg_real_quality"": 6.8128, ""jpeg_q75"": 6.8128, ""jpeg_q90"": 6.8311}"
gen_000546,transform_flip,0,아우터,sd35_medium,test_unseen,True,"{""original"": 0.8459, ""center_square"": 99.9697, ""downscale_512"": 1.1621, ""gen_jpeg_real_quality"": 0.9052, ""jpeg_q75"": 0.9052, ""jpeg_q90"": 1.0788}"
gen_002614,transform_flip,0,원피스,sd35_medium,test_unseen,False,"{""original"": 8.3855, ""center_square"": 75.7629, ""downscale_512"": 8.0663, ""gen_jpeg_real_quality"": 14.6031, ""jpeg_q75"": 14.6031, ""jpeg_q90"": 9.9851}"
gen_002650,transform_flip,0,아우터,sd35_medium,test_unseen,False,"{""original"": 2.1421, ""center_square"": 90.2257, ""downscale_512"": 2.3588, ""gen_jpeg_real_quality"": 3.7489, ""jpeg_q75"": 3.7489, ""jpeg_q90"": 4.3232}"
gen_002702,transform_flip,0,아우터,sd35_medium,test_unseen,False,"{""original"": 0.152, ""center_square"": 96.9845, ""downscale_512"": 0.0843, ""gen_jpeg_real_quality"": 0.1552, ""jpeg_q75"": 0.1552, ""jpeg_q90"": 0.1274}"
gen_002706,transform_flip,0,아우터,sd35_medium,test_unseen,True,"{""original"": 0.0025, ""center_square"": 99.8346, ""downscale_512"": 0.0038, ""gen_jpeg_real_quality"": 0.0048, ""jpeg_q75"": 0.0048, ""jpeg_q90"": 0.0034}"
gen_002744,transform_flip,0,아우터,sd35_medium,test_unseen,False,"{""original"": 3.7781, ""center_square"": 99.2408, ""downscale_512"": 5.284, ""gen_jpeg_real_quality"": 15.4528, ""jpeg_q75"": 15.4528, ""jpeg_q90"": 8.2486}"
gen_002762,transform_flip,0,아우터,sd35_medium,test_unseen,True,"{""original"": 0.6548, ""center_square"": 78.6958, ""downscale_512"": 0.932, ""gen_jpeg_real_quality"": 0.5988, ""jpeg_q75"": 0.5988, ""jpeg_q90"": 0.5089}"
gen_002778,transform_flip,0,상의,sd35_medium,test_unseen,False,"{""original"": 0.1888, ""center_square"": 70.8743, ""downscale_512"": 0.3277, ""gen_jpeg_real_quality"": 0.2914, ""jpeg_q75"": 0.2914, ""jpeg_q90"": 0.2166}"
gen_002924,transform_flip,0,하의,sd35_medium,test_unseen,False,"{""original"": 6.8292, ""center_square"": 84.8886, ""downscale_512"": 6.1899, ""gen_jpeg_real_quality"": 10.57, ""jpeg_q75"": 10.57, ""jpeg_q90"": 8.9308}"
1018410,high_confidence,1,하의,,test,False,"{""original"": 100.0, ""center_square"": 100.0, ""downscale_512"": 100.0, ""jpeg_q75"": 100.0, ""jpeg_q90"": 100.0}"
1021263,high_confidence,1,상의,,test,False,"{""original"": 99.9924, ""center_square"": 99.9924, ""downscale_512"": 99.9931, ""jpeg_q75"": 99.9923, ""jpeg_q90"": 99.9913}"
1056078,high_confidence,1,원피스,,test,False,"{""original"": 100.0, ""center_square"": 99.9997, ""downscale_512"": 100.0, ""jpeg_q75"": 100.0, ""jpeg_q90"": 100.0}"
1060000,high_confidence,1,원피스,,test,False,"{""original"": 99.9967, ""center_square"": 99.9999, ""downscale_512"": 99.9963, ""jpeg_q75"": 99.9966, ""jpeg_q90"": 99.9963}"
1100727,high_confidence,1,상의,,test,False,"{""original"": 99.4556, ""center_square"": 99.4556, ""downscale_512"": 99.453, ""jpeg_q75"": 99.4933, ""jpeg_q90"": 98.9232}"
1105529,high_confidence,1,원피스,,test,True,"{""original"": 100.0, ""center_square"": 100.0, ""downscale_512"": 100.0, ""jpeg_q75"": 100.0, ""jpeg_q90"": 100.0}"
1152439,high_confidence,1,아우터,,test,False,"{""original"": 100.0, ""center_square"": 100.0, ""downscale_512"": 100.0, ""jpeg_q75"": 100.0, ""jpeg_q90"": 100.0}"
1173478,high_confidence,1,아우터,,test,False,"{""original"": 100.0, ""center_square"": 100.0, ""downscale_512"": 100.0, ""jpeg_q75"": 100.0, ""jpeg_q90"": 100.0}"
1217821,high_confidence,1,하의,,test,False,"{""original"": 99.9899, ""center_square"": 99.999, ""downscale_512"": 99.9802, ""jpeg_q75"": 99.9901, ""jpeg_q90"": 99.9909}"
1231839,high_confidence,1,하의,,test,True,"{""original"": 100.0, ""center_square"": 100.0, ""downscale_512"": 100.0, ""jpeg_q75"": 100.0, ""jpeg_q90"": 100.0}"
1240495,high_confidence,1,원피스,,test,False,"{""original"": 99.987, ""center_square"": 99.987, ""downscale_512"": 99.9888, ""jpeg_q75"": 99.987, ""jpeg_q90"": 99.9882}"
1246902,high_confidence,1,아우터,,test,True,"{""original"": 99.9963, ""center_square"": 99.9962, ""downscale_512"": 99.9967, ""jpeg_q75"": 99.9962, ""jpeg_q90"": 99.996}"
1291120,high_confidence,1,상의,,test,False,"{""original"": 100.0, ""center_square"": 100.0, ""downscale_512"": 100.0, ""jpeg_q75"": 100.0, ""jpeg_q90"": 100.0}"
1322314,high_confidence,1,상의,,test,False,"{""original"": 99.998, ""center_square"": 99.998, ""downscale_512"": 99.9986, ""jpeg_q75"": 99.9978, ""jpeg_q90"": 99.9976}"
323350,high_confidence,1,하의,,test,False,"{""original"": 100.0, ""center_square"": 100.0, ""downscale_512"": 100.0, ""jpeg_q75"": 100.0, ""jpeg_q90"": 100.0}"
425969,high_confidence,1,하의,,test,False,"{""original"": 99.9999, ""center_square"": 99.9999, ""downscale_512"": 100.0, ""jpeg_q75"": 99.9999, ""jpeg_q90"": 100.0}"
461125,high_confidence,1,원피스,,test,True,"{""original"": 99.8237, ""center_square"": 99.9993, ""downscale_512"": 99.8689, ""jpeg_q75"": 99.8115, ""jpeg_q90"": 99.8153}"
498936,high_confidence,1,하의,,test,False,"{""original"": 99.9939, ""center_square"": 99.9939, ""downscale_512"": 99.992, ""jpeg_q75"": 99.994, ""jpeg_q90"": 99.9933}"
57120,high_confidence,1,원피스,,test,False,"{""original"": 99.9997, ""center_square"": 99.9997, ""downscale_512"": 99.9997, ""jpeg_q75"": 99.9997, ""jpeg_q90"": 99.9998}"
655112,high_confidence,1,아우터,,test,False,"{""original"": 99.9951, ""center_square"": 99.9951, ""downscale_512"": 99.9952, ""jpeg_q75"": 99.9952, ""jpeg_q90"": 99.9953}"
719945,high_confidence,1,상의,,test,True,"{""original"": 100.0, ""center_square"": 100.0, ""downscale_512"": 100.0, ""jpeg_q75"": 100.0, ""jpeg_q90"": 100.0}"
820570,high_confidence,1,아우터,,test,False,"{""original"": 99.998, ""center_square"": 99.96, ""downscale_512"": 99.9977, ""jpeg_q75"": 99.998, ""jpeg_q90"": 99.9978}"
871400,high_confidence,1,상의,,test,True,"{""original"": 100.0, ""center_square"": 100.0, ""downscale_512"": 100.0, ""jpeg_q75"": 100.0, ""jpeg_q90"": 100.0}"
907321,high_confidence,1,아우터,,test,False,"{""original"": 99.9997, ""center_square"": 99.9953, ""downscale_512"": 99.9999, ""jpeg_q75"": 99.9997, ""jpeg_q90"": 99.9997}"
gen_000599,high_confidence,0,하의,sd35_medium,test_unseen,False,"{""original"": 7.3784, ""center_square"": 7.3784, ""downscale_512"": 7.0621, ""gen_jpeg_real_quality"": 16.7008, ""jpeg_q75"": 16.7008, ""jpeg_q90"": 17.8126}"
gen_000609,high_confidence,0,하의,sd35_medium,test_unseen,False,"{""original"": 0.0185, ""center_square"": 0.0185, ""downscale_512"": 0.0214, ""gen_jpeg_real_quality"": 0.0248, ""jpeg_q75"": 0.0248, ""jpeg_q90"": 0.0268}"
gen_000677,high_confidence,0,원피스,qwen_image_21,test,False,"{""original"": 0.0002, ""center_square"": 0.0002, ""downscale_512"": 0.0002, ""gen_jpeg_real_quality"": 0.0002, ""jpeg_q75"": 0.0002, ""jpeg_q90"": 0.0002}"
gen_000737,high_confidence,0,원피스,qwen_image_21,test,False,"{""original"": 0.0001, ""center_square"": 0.0001, ""downscale_512"": 0.0, ""gen_jpeg_real_quality"": 0.0003, ""jpeg_q75"": 0.0003, ""jpeg_q90"": 0.0001}"
gen_000835,high_confidence,0,아우터,qwen_image_21,test,True,"{""original"": 0.0, ""center_square"": 0.0, ""downscale_512"": 0.0, ""gen_jpeg_real_quality"": 0.0, ""jpeg_q75"": 0.0, ""jpeg_q90"": 0.0}"
gen_000859,high_confidence,0,아우터,qwen_image_21,test,False,"{""original"": 0.0002, ""center_square"": 0.0002, ""downscale_512"": 0.0002, ""gen_jpeg_real_quality"": 0.0002, ""jpeg_q75"": 0.0002, ""jpeg_q90"": 0.0001}"
gen_000945,high_confidence,0,상의,qwen_image_21,test,False,"{""original"": 0.0002, ""center_square"": 0.0002, ""downscale_512"": 0.0003, ""gen_jpeg_real_quality"": 0.0005, ""jpeg_q75"": 0.0005, ""jpeg_q90"": 0.0002}"
gen_001097,high_confidence,0,하의,qwen_image_21,test,False,"{""original"": 0.0, ""center_square"": 0.0, ""downscale_512"": 0.0, ""gen_jpeg_real_quality"": 0.0, ""jpeg_q75"": 0.0, ""jpeg_q90"": 0.0}"
gen_001183,high_confidence,0,원피스,z_image_turbo,test,False,"{""original"": 0.0001, ""center_square"": 0.0001, ""downscale_512"": 0.0001, ""gen_jpeg_real_quality"": 0.0002, ""jpeg_q75"": 0.0002, ""jpeg_q90"": 0.0002}"
gen_001198,high_confidence,0,원피스,z_image_turbo,test,False,"{""original"": 0.0, ""center_square"": 0.0001, ""downscale_512"": 0.0, ""gen_jpeg_real_quality"": 0.0, ""jpeg_q75"": 0.0, ""jpeg_q90"": 0.0}"
gen_001403,high_confidence,0,상의,z_image_turbo,test,True,"{""original"": 0.0, ""center_square"": 0.0, ""downscale_512"": 0.0, ""gen_jpeg_real_quality"": 0.0, ""jpeg_q75"": 0.0, ""jpeg_q90"": 0.0}"
gen_001436,high_confidence,0,상의,z_image_turbo,test,True,"{""original"": 0.0, ""center_square"": 0.0, ""downscale_512"": 0.0, ""gen_jpeg_real_quality"": 0.0, ""jpeg_q75"": 0.0, ""jpeg_q90"": 0.0}"
gen_001519,high_confidence,0,하의,z_image_turbo,test,True,"{""original"": 0.0001, ""center_square"": 0.0001, ""downscale_512"": 0.0001, ""gen_jpeg_real_quality"": 0.0003, ""jpeg_q75"": 0.0003, ""jpeg_q90"": 0.0001}"
gen_001525,high_confidence,0,하의,z_image_turbo,test,False,"{""original"": 0.0, ""center_square"": 0.0, ""downscale_512"": 0.0, ""gen_jpeg_real_quality"": 0.0, ""jpeg_q75"": 0.0, ""jpeg_q90"": 0.0001}"
gen_001644,high_confidence,0,원피스,sdxl,test,False,"{""original"": 0.0001, ""center_square"": 0.0004, ""downscale_512"": 0.0001, ""gen_jpeg_real_quality"": 0.0001, ""jpeg_q75"": 0.0001, ""jpeg_q90"": 0.0001}"
gen_001665,high_confidence,0,원피스,sdxl,test,False,"{""original"": 0.0, ""center_square"": 0.0, ""downscale_512"": 0.0, ""gen_jpeg_real_quality"": 0.0, ""jpeg_q75"": 0.0, ""jpeg_q90"": 0.0}"
gen_001781,high_confidence,0,아우터,sdxl,test,False,"{""original"": 0.0009, ""center_square"": 0.0009, ""downscale_512"": 0.001, ""gen_jpeg_real_quality"": 0.0014, ""jpeg_q75"": 0.0014, ""jpeg_q90"": 0.0011}"
gen_001867,high_confidence,0,상의,sdxl,test,False,"{""original"": 0.0, ""center_square"": 0.0, ""downscale_512"": 0.0, ""gen_jpeg_real_quality"": 0.0, ""jpeg_q75"": 0.0, ""jpeg_q90"": 0.0}"
gen_001870,high_confidence,0,상의,sdxl,test,False,"{""original"": 0.0, ""center_square"": 0.0197, ""downscale_512"": 0.0, ""gen_jpeg_real_quality"": 0.0, ""jpeg_q75"": 0.0, ""jpeg_q90"": 0.0001}"
gen_002019,high_confidence,0,하의,sdxl,test,False,"{""original"": 0.0006, ""center_square"": 0.0006, ""downscale_512"": 0.0006, ""gen_jpeg_real_quality"": 0.0007, ""jpeg_q75"": 0.0007, ""jpeg_q90"": 0.0006}"
gen_002242,high_confidence,0,아우터,playground_25,test,True,"{""original"": 0.0, ""center_square"": 0.0003, ""downscale_512"": 0.0, ""gen_jpeg_real_quality"": 0.0, ""jpeg_q75"": 0.0, ""jpeg_q90"": 0.0}"
gen_002370,high_confidence,0,상의,playground_25,test,False,"{""original"": 0.0, ""center_square"": 0.0002, ""downscale_512"": 0.0, ""gen_jpeg_real_quality"": 0.0, ""jpeg_q75"": 0.0, ""jpeg_q90"": 0.0}"
gen_002382,high_confidence,0,상의,playground_25,test,False,"{""original"": 0.0, ""center_square"": 0.0004, ""downscale_512"": 0.0, ""gen_jpeg_real_quality"": 0.0, ""jpeg_q75"": 0.0, ""jpeg_q90"": 0.0}"
gen_002471,high_confidence,0,하의,playground_25,test,False,"{""original"": 0.491, ""center_square"": 0.491, ""downscale_512"": 0.572, ""gen_jpeg_real_quality"": 1.2808, ""jpeg_q75"": 1.2808, ""jpeg_q90"": 0.7772}"
gen_002489,high_confidence,0,하의,playground_25,test,False,"{""original"": 0.0, ""center_square"": 0.0, ""downscale_512"": 0.0, ""gen_jpeg_real_quality"": 0.0, ""jpeg_q75"": 0.0, ""jpeg_q90"": 0.0}"
gen_002513,high_confidence,0,하의,playground_25,test,False,"{""original"": 0.0012, ""center_square"": 0.0012, ""downscale_512"": 0.0009, ""gen_jpeg_real_quality"": 0.0016, ""jpeg_q75"": 0.0016, ""jpeg_q90"": 0.0015}"
gen_002569,high_confidence,0,원피스,sd35_medium,test_unseen,False,"{""original"": 0.0, ""center_square"": 0.0, ""downscale_512"": 0.0, ""gen_jpeg_real_quality"": 0.0, ""jpeg_q75"": 0.0, ""jpeg_q90"": 0.0}"
gen_002631,high_confidence,0,원피스,sd35_medium,test_unseen,False,"{""original"": 0.0014, ""center_square"": 0.0014, ""downscale_512"": 0.0013, ""gen_jpeg_real_quality"": 0.0024, ""jpeg_q75"": 0.0024, ""jpeg_q90"": 0.0016}"
gen_002773,high_confidence,0,상의,sd35_medium,test_unseen,False,"{""original"": 0.0073, ""center_square"": 0.0073, ""downscale_512"": 0.0097, ""gen_jpeg_real_quality"": 0.0228, ""jpeg_q75"": 0.0228, ""jpeg_q90"": 0.01}"
gen_002822,high_confidence,0,상의,sd35_medium,test_unseen,False,"{""original"": 0.0, ""center_square"": 0.0, ""downscale_512"": 0.0, ""gen_jpeg_real_quality"": 0.0, ""jpeg_q75"": 0.0, ""jpeg_q90"": 0.0}"
