image_id,path,label,category,parts,source_type,source_domain,generator,style,look_group,prompt_id,split
gen_002528,images/generated/sd35_medium/gen_002528.png,0,원피스,원피스,generated,,sd35_medium,,,f1b3v2,
gen_002529,images/generated/sd35_medium/gen_002529.png,0,원피스,원피스,generated,,sd35_medium,,,f3b6v2,
gen_002530,images/generated/sd35_medium/gen_002530.png,0,원피스,원피스,generated,,sd35_medium,,,f5b1v1,
gen_002531,images/generated/sd35_medium/gen_002531.png,0,원피스,원피스,generated,,sd35_medium,,,f4b2v1,
gen_002532,images/generated/sd35_medium/gen_002532.png,0,원피스,원피스,generated,,sd35_medium,,,f4b2v1,
gen_002533,images/generated/sd35_medium/gen_002533.png,0,원피스,원피스,generated,,sd35_medium,,,f2b7v1,
gen_002534,images/generated/sd35_medium/gen_002534.png,0,원피스,원피스,generated,,sd35_medium,,,f5b2v1,
gen_002535,images/generated/sd35_medium/gen_002535.png,0,원피스,원피스,generated,,sd35_medium,,,f2b1v2,
gen_002536,images/generated/sd35_medium/gen_002536.png,0,원피스,원피스,generated,,sd35_medium,,,f5b5v1,
gen_002537,images/generated/sd35_medium/gen_002537.png,0,원피스,원피스,generated,,sd35_medium,,,f1b7v2,
gen_002538,images/generated/sd35_medium/gen_002538.png,0,원피스,원피스,generated,,sd35_medium,,,f3b5v2,
gen_002539,images/generated/sd35_medium/gen_002539.png,0,원피스,원피스,generated,,sd35_medium,,,f1b7v1,
gen_002540,images/generated/sd35_medium/gen_002540.png,0,원피스,원피스,generated,,sd35_medium,,,f3b6v1,
gen_002541,images/generated/sd35_medium/gen_002541.png,0,원피스,원피스,generated,,sd35_medium,,,f3b4v3,
gen_002542,images/generated/sd35_medium/gen_002542.png,0,원피스,원피스,generated,,sd35_medium,,,f6b4v1,
gen_002543,images/generated/sd35_medium/gen_002543.png,0,원피스,원피스,generated,,sd35_medium,,,f3b2v2,
gen_002544,images/generated/sd35_medium/gen_002544.png,0,원피스,원피스,generated,,sd35_medium,,,f5b7v1,
gen_002545,images/generated/sd35_medium/gen_002545.png,0,원피스,원피스,generated,,sd35_medium,,,f4b5v1,
gen_002546,images/generated/sd35_medium/gen_002546.png,0,원피스,원피스,generated,,sd35_medium,,,f2b6v1,
gen_002547,images/generated/sd35_medium/gen_002547.png,0,원피스,원피스,generated,,sd35_medium,,,f1b6v1,
gen_002548,images/generated/sd35_medium/gen_002548.png,0,원피스,원피스,generated,,sd35_medium,,,f3b7v3,
gen_002549,images/generated/sd35_medium/gen_002549.png,0,원피스,원피스,generated,,sd35_medium,,,f1b6v1,
gen_002550,images/generated/sd35_medium/gen_002550.png,0,원피스,원피스,generated,,sd35_medium,,,f2b6v3,
gen_002551,images/generated/sd35_medium/gen_002551.png,0,원피스,원피스,generated,,sd35_medium,,,f3b4v1,
gen_002552,images/generated/sd35_medium/gen_002552.png,0,원피스,원피스,generated,,sd35_medium,,,f2b6v2,
gen_002553,images/generated/sd35_medium/gen_002553.png,0,원피스,원피스,generated,,sd35_medium,,,f3b2v1,
gen_002554,images/generated/sd35_medium/gen_002554.png,0,원피스,원피스,generated,,sd35_medium,,,f4b2v1,
gen_002555,images/generated/sd35_medium/gen_002555.png,0,원피스,원피스,generated,,sd35_medium,,,f1b1v1,
gen_002556,images/generated/sd35_medium/gen_002556.png,0,원피스,원피스,generated,,sd35_medium,,,f5b3v1,
gen_002557,images/generated/sd35_medium/gen_002557.png,0,원피스,원피스,generated,,sd35_medium,,,f2b2v1,
gen_002558,images/generated/sd35_medium/gen_002558.png,0,원피스,원피스,generated,,sd35_medium,,,f5b5v1,
gen_002559,images/generated/sd35_medium/gen_002559.png,0,원피스,원피스,generated,,sd35_medium,,,f1b2v1,
gen_002560,images/generated/sd35_medium/gen_002560.png,0,원피스,원피스,generated,,sd35_medium,,,f5b2v1,
gen_002561,images/generated/sd35_medium/gen_002561.png,0,원피스,원피스,generated,,sd35_medium,,,f2b2v1,
gen_002562,images/generated/sd35_medium/gen_002562.png,0,원피스,원피스,generated,,sd35_medium,,,f6b7v1,
gen_002563,images/generated/sd35_medium/gen_002563.png,0,원피스,원피스,generated,,sd35_medium,,,f3b2v1,
gen_002564,images/generated/sd35_medium/gen_002564.png,0,원피스,원피스,generated,,sd35_medium,,,f3b5v2,
gen_002565,images/generated/sd35_medium/gen_002565.png,0,원피스,원피스,generated,,sd35_medium,,,f4b3v3,
gen_002566,images/generated/sd35_medium/gen_002566.png,0,원피스,원피스,generated,,sd35_medium,,,f5b5v1,
gen_002567,images/generated/sd35_medium/gen_002567.png,0,원피스,원피스,generated,,sd35_medium,,,f2b5v3,
gen_002568,images/generated/sd35_medium/gen_002568.png,0,원피스,원피스,generated,,sd35_medium,,,f5b6v1,
gen_002569,images/generated/sd35_medium/gen_002569.png,0,원피스,원피스,generated,,sd35_medium,,,f6b2v1,
gen_002570,images/generated/sd35_medium/gen_002570.png,0,원피스,원피스,generated,,sd35_medium,,,f3b2v1,
gen_002571,images/generated/sd35_medium/gen_002571.png,0,원피스,원피스,generated,,sd35_medium,,,f1b3v1,
gen_002572,images/generated/sd35_medium/gen_002572.png,0,원피스,원피스,generated,,sd35_medium,,,f2b1v2,
gen_002573,images/generated/sd35_medium/gen_002573.png,0,원피스,원피스,generated,,sd35_medium,,,f1b7v1,
gen_002574,images/generated/sd35_medium/gen_002574.png,0,원피스,원피스,generated,,sd35_medium,,,f3b7v2,
gen_002575,images/generated/sd35_medium/gen_002575.png,0,원피스,원피스,generated,,sd35_medium,,,f2b3v1,
gen_002576,images/generated/sd35_medium/gen_002576.png,0,원피스,원피스,generated,,sd35_medium,,,f5b6v1,
gen_002577,images/generated/sd35_medium/gen_002577.png,0,원피스,원피스,generated,,sd35_medium,,,f2b2v1,
gen_002578,images/generated/sd35_medium/gen_002578.png,0,원피스,원피스,generated,,sd35_medium,,,f3b4v1,
gen_002579,images/generated/sd35_medium/gen_002579.png,0,원피스,원피스,generated,,sd35_medium,,,f1b7v2,
gen_002580,images/generated/sd35_medium/gen_002580.png,0,원피스,원피스,generated,,sd35_medium,,,f4b3v1,
gen_002581,images/generated/sd35_medium/gen_002581.png,0,원피스,원피스,generated,,sd35_medium,,,f2b5v2,
gen_002582,images/generated/sd35_medium/gen_002582.png,0,원피스,원피스,generated,,sd35_medium,,,f5b4v2,
gen_002583,images/generated/sd35_medium/gen_002583.png,0,원피스,원피스,generated,,sd35_medium,,,f1b6v2,
gen_002584,images/generated/sd35_medium/gen_002584.png,0,원피스,원피스,generated,,sd35_medium,,,f3b1v2,
gen_002585,images/generated/sd35_medium/gen_002585.png,0,원피스,원피스,generated,,sd35_medium,,,f6b6v1,
gen_002586,images/generated/sd35_medium/gen_002586.png,0,원피스,원피스,generated,,sd35_medium,,,f3b1v1,
gen_002587,images/generated/sd35_medium/gen_002587.png,0,원피스,원피스,generated,,sd35_medium,,,f1b5v2,
gen_002588,images/generated/sd35_medium/gen_002588.png,0,원피스,원피스,generated,,sd35_medium,,,f2b3v3,
gen_002589,images/generated/sd35_medium/gen_002589.png,0,원피스,원피스,generated,,sd35_medium,,,f1b6v2,
gen_002590,images/generated/sd35_medium/gen_002590.png,0,원피스,원피스,generated,,sd35_medium,,,f2b5v1,
gen_002591,images/generated/sd35_medium/gen_002591.png,0,원피스,원피스,generated,,sd35_medium,,,f1b1v1,
gen_002592,images/generated/sd35_medium/gen_002592.png,0,원피스,원피스,generated,,sd35_medium,,,f3b3v1,
gen_002593,images/generated/sd35_medium/gen_002593.png,0,원피스,원피스,generated,,sd35_medium,,,f6b6v1,
gen_002594,images/generated/sd35_medium/gen_002594.png,0,원피스,원피스,generated,,sd35_medium,,,f6b6v2,
gen_002595,images/generated/sd35_medium/gen_002595.png,0,원피스,원피스,generated,,sd35_medium,,,f3b5v2,
gen_002596,images/generated/sd35_medium/gen_002596.png,0,원피스,원피스,generated,,sd35_medium,,,f1b5v2,
gen_002597,images/generated/sd35_medium/gen_002597.png,0,원피스,원피스,generated,,sd35_medium,,,f5b2v2,
gen_002598,images/generated/sd35_medium/gen_002598.png,0,원피스,원피스,generated,,sd35_medium,,,f1b4v1,
gen_002599,images/generated/sd35_medium/gen_002599.png,0,원피스,원피스,generated,,sd35_medium,,,f6b6v1,
gen_002600,images/generated/sd35_medium/gen_002600.png,0,원피스,원피스,generated,,sd35_medium,,,f4b7v3,
gen_002601,images/generated/sd35_medium/gen_002601.png,0,원피스,원피스,generated,,sd35_medium,,,f1b4v1,
gen_002602,images/generated/sd35_medium/gen_002602.png,0,원피스,원피스,generated,,sd35_medium,,,f6b1v3,
gen_002603,images/generated/sd35_medium/gen_002603.png,0,원피스,원피스,generated,,sd35_medium,,,f2b6v2,
gen_002604,images/generated/sd35_medium/gen_002604.png,0,원피스,원피스,generated,,sd35_medium,,,f5b1v1,
gen_002605,images/generated/sd35_medium/gen_002605.png,0,원피스,원피스,generated,,sd35_medium,,,f3b3v2,
gen_002606,images/generated/sd35_medium/gen_002606.png,0,원피스,원피스,generated,,sd35_medium,,,f6b6v1,
gen_002607,images/generated/sd35_medium/gen_002607.png,0,원피스,원피스,generated,,sd35_medium,,,f1b4v1,
gen_002608,images/generated/sd35_medium/gen_002608.png,0,원피스,원피스,generated,,sd35_medium,,,f1b3v1,
gen_002609,images/generated/sd35_medium/gen_002609.png,0,원피스,원피스,generated,,sd35_medium,,,f3b7v1,
gen_002610,images/generated/sd35_medium/gen_002610.png,0,원피스,원피스,generated,,sd35_medium,,,f1b7v2,
gen_002611,images/generated/sd35_medium/gen_002611.png,0,원피스,원피스,generated,,sd35_medium,,,f3b3v1,
gen_002612,images/generated/sd35_medium/gen_002612.png,0,원피스,원피스,generated,,sd35_medium,,,f4b3v1,
gen_002613,images/generated/sd35_medium/gen_002613.png,0,원피스,원피스,generated,,sd35_medium,,,f4b4v1,
gen_002614,images/generated/sd35_medium/gen_002614.png,0,원피스,원피스,generated,,sd35_medium,,,f3b4v2,
gen_002615,images/generated/sd35_medium/gen_002615.png,0,원피스,원피스,generated,,sd35_medium,,,f3b3v1,
gen_002616,images/generated/sd35_medium/gen_002616.png,0,원피스,원피스,generated,,sd35_medium,,,f5b4v2,
gen_002617,images/generated/sd35_medium/gen_002617.png,0,원피스,원피스,generated,,sd35_medium,,,f4b7v3,
gen_002618,images/generated/sd35_medium/gen_002618.png,0,원피스,원피스,generated,,sd35_medium,,,f2b3v1,
gen_002619,images/generated/sd35_medium/gen_002619.png,0,원피스,원피스,generated,,sd35_medium,,,f2b5v1,
gen_002620,images/generated/sd35_medium/gen_002620.png,0,원피스,원피스,generated,,sd35_medium,,,f5b1v1,
gen_002621,images/generated/sd35_medium/gen_002621.png,0,원피스,원피스,generated,,sd35_medium,,,f3b5v2,
gen_002622,images/generated/sd35_medium/gen_002622.png,0,원피스,원피스,generated,,sd35_medium,,,f1b3v2,
gen_002623,images/generated/sd35_medium/gen_002623.png,0,원피스,원피스,generated,,sd35_medium,,,f4b6v1,
gen_002624,images/generated/sd35_medium/gen_002624.png,0,원피스,원피스,generated,,sd35_medium,,,f1b6v2,
gen_002625,images/generated/sd35_medium/gen_002625.png,0,원피스,원피스,generated,,sd35_medium,,,f5b4v3,
gen_002626,images/generated/sd35_medium/gen_002626.png,0,원피스,원피스,generated,,sd35_medium,,,f1b4v1,
gen_002627,images/generated/sd35_medium/gen_002627.png,0,원피스,원피스,generated,,sd35_medium,,,f5b7v2,
gen_002628,images/generated/sd35_medium/gen_002628.png,0,원피스,원피스,generated,,sd35_medium,,,f3b5v1,
gen_002629,images/generated/sd35_medium/gen_002629.png,0,원피스,원피스,generated,,sd35_medium,,,f6b4v1,
gen_002630,images/generated/sd35_medium/gen_002630.png,0,원피스,원피스,generated,,sd35_medium,,,f2b4v1,
gen_002631,images/generated/sd35_medium/gen_002631.png,0,원피스,원피스,generated,,sd35_medium,,,f4b2v2,
gen_002632,images/generated/sd35_medium/gen_002632.png,0,원피스,원피스,generated,,sd35_medium,,,f3b7v3,
gen_002633,images/generated/sd35_medium/gen_002633.png,0,원피스,원피스,generated,,sd35_medium,,,f2b2v3,
gen_002634,images/generated/sd35_medium/gen_002634.png,0,원피스,원피스,generated,,sd35_medium,,,f6b6v1,
gen_002635,images/generated/sd35_medium/gen_002635.png,0,원피스,원피스,generated,,sd35_medium,,,f5b2v1,
gen_002636,images/generated/sd35_medium/gen_002636.png,0,원피스,원피스,generated,,sd35_medium,,,f3b2v2,
gen_002637,images/generated/sd35_medium/gen_002637.png,0,원피스,원피스,generated,,sd35_medium,,,f1b3v1,
gen_002638,images/generated/sd35_medium/gen_002638.png,0,원피스,원피스,generated,,sd35_medium,,,f6b3v1,
gen_002639,images/generated/sd35_medium/gen_002639.png,0,원피스,원피스,generated,,sd35_medium,,,f3b2v1,
gen_002640,images/generated/sd35_medium/gen_002640.png,0,원피스,원피스,generated,,sd35_medium,,,f6b5v1,
gen_002641,images/generated/sd35_medium/gen_002641.png,0,원피스,원피스,generated,,sd35_medium,,,f4b4v2,
gen_002642,images/generated/sd35_medium/gen_002642.png,0,원피스,원피스,generated,,sd35_medium,,,f1b6v2,
gen_002643,images/generated/sd35_medium/gen_002643.png,0,원피스,원피스,generated,,sd35_medium,,,f1b5v1,
gen_002644,images/generated/sd35_medium/gen_002644.png,0,원피스,원피스,generated,,sd35_medium,,,f4b1v2,
gen_002645,images/generated/sd35_medium/gen_002645.png,0,원피스,원피스,generated,,sd35_medium,,,f5b4v2,
gen_002646,images/generated/sd35_medium/gen_002646.png,0,원피스,원피스,generated,,sd35_medium,,,f6b3v3,
gen_002647,images/generated/sd35_medium/gen_002647.png,0,아우터,아우터,generated,,sd35_medium,,,f2b7v3,
gen_002648,images/generated/sd35_medium/gen_002648.png,0,아우터,아우터,generated,,sd35_medium,,,f5b1v2,
gen_002649,images/generated/sd35_medium/gen_002649.png,0,아우터,아우터,generated,,sd35_medium,,,f2b1v1,
gen_002650,images/generated/sd35_medium/gen_002650.png,0,아우터,아우터,generated,,sd35_medium,,,f2b6v2,
gen_002651,images/generated/sd35_medium/gen_002651.png,0,아우터,아우터,generated,,sd35_medium,,,f3b6v1,
gen_002652,images/generated/sd35_medium/gen_002652.png,0,아우터,아우터,generated,,sd35_medium,,,f5b3v1,
gen_002653,images/generated/sd35_medium/gen_002653.png,0,아우터,아우터,generated,,sd35_medium,,,f2b4v1,
gen_002654,images/generated/sd35_medium/gen_002654.png,0,아우터,아우터,generated,,sd35_medium,,,f4b1v3,
gen_002655,images/generated/sd35_medium/gen_002655.png,0,아우터,아우터,generated,,sd35_medium,,,f3b2v2,
gen_002656,images/generated/sd35_medium/gen_002656.png,0,아우터,아우터,generated,,sd35_medium,,,f4b6v1,
gen_002657,images/generated/sd35_medium/gen_002657.png,0,아우터,아우터,generated,,sd35_medium,,,f6b5v2,
gen_002658,images/generated/sd35_medium/gen_002658.png,0,아우터,아우터,generated,,sd35_medium,,,f3b3v2,
gen_002659,images/generated/sd35_medium/gen_002659.png,0,아우터,아우터,generated,,sd35_medium,,,f4b5v2,
gen_002660,images/generated/sd35_medium/gen_002660.png,0,아우터,아우터,generated,,sd35_medium,,,f6b1v1,
gen_002661,images/generated/sd35_medium/gen_002661.png,0,아우터,아우터,generated,,sd35_medium,,,f1b6v1,
gen_002662,images/generated/sd35_medium/gen_002662.png,0,아우터,아우터,generated,,sd35_medium,,,f4b4v1,
gen_002663,images/generated/sd35_medium/gen_002663.png,0,아우터,아우터,generated,,sd35_medium,,,f5b2v1,
gen_002664,images/generated/sd35_medium/gen_002664.png,0,아우터,아우터,generated,,sd35_medium,,,f1b1v1,
gen_002665,images/generated/sd35_medium/gen_002665.png,0,아우터,아우터,generated,,sd35_medium,,,f6b4v1,
gen_002666,images/generated/sd35_medium/gen_002666.png,0,아우터,아우터,generated,,sd35_medium,,,f1b3v1,
gen_002667,images/generated/sd35_medium/gen_002667.png,0,아우터,아우터,generated,,sd35_medium,,,f6b1v3,
gen_002668,images/generated/sd35_medium/gen_002668.png,0,아우터,아우터,generated,,sd35_medium,,,f3b5v1,
gen_002669,images/generated/sd35_medium/gen_002669.png,0,아우터,아우터,generated,,sd35_medium,,,f2b1v1,
gen_002670,images/generated/sd35_medium/gen_002670.png,0,아우터,아우터,generated,,sd35_medium,,,f2b5v1,
gen_002671,images/generated/sd35_medium/gen_002671.png,0,아우터,아우터,generated,,sd35_medium,,,f1b4v2,
gen_002672,images/generated/sd35_medium/gen_002672.png,0,아우터,아우터,generated,,sd35_medium,,,f5b2v1,
gen_002673,images/generated/sd35_medium/gen_002673.png,0,아우터,아우터,generated,,sd35_medium,,,f1b7v1,
gen_002674,images/generated/sd35_medium/gen_002674.png,0,아우터,아우터,generated,,sd35_medium,,,f1b6v2,
gen_002675,images/generated/sd35_medium/gen_002675.png,0,아우터,아우터,generated,,sd35_medium,,,f3b2v3,
gen_002676,images/generated/sd35_medium/gen_002676.png,0,아우터,아우터,generated,,sd35_medium,,,f1b5v1,
gen_002677,images/generated/sd35_medium/gen_002677.png,0,아우터,아우터,generated,,sd35_medium,,,f4b2v1,
gen_002678,images/generated/sd35_medium/gen_002678.png,0,아우터,아우터,generated,,sd35_medium,,,f4b7v2,
gen_002679,images/generated/sd35_medium/gen_002679.png,0,아우터,아우터,generated,,sd35_medium,,,f6b7v2,
gen_002680,images/generated/sd35_medium/gen_002680.png,0,아우터,아우터,generated,,sd35_medium,,,f6b2v2,
gen_002681,images/generated/sd35_medium/gen_002681.png,0,아우터,아우터,generated,,sd35_medium,,,f4b1v1,
gen_002682,images/generated/sd35_medium/gen_002682.png,0,아우터,아우터,generated,,sd35_medium,,,f2b6v2,
gen_002683,images/generated/sd35_medium/gen_002683.png,0,아우터,아우터,generated,,sd35_medium,,,f6b2v2,
gen_002684,images/generated/sd35_medium/gen_002684.png,0,아우터,아우터,generated,,sd35_medium,,,f4b1v1,
gen_002685,images/generated/sd35_medium/gen_002685.png,0,아우터,아우터,generated,,sd35_medium,,,f4b3v1,
gen_002686,images/generated/sd35_medium/gen_002686.png,0,아우터,아우터,generated,,sd35_medium,,,f5b3v2,
gen_002687,images/generated/sd35_medium/gen_002687.png,0,아우터,아우터,generated,,sd35_medium,,,f6b4v1,
gen_002688,images/generated/sd35_medium/gen_002688.png,0,아우터,아우터,generated,,sd35_medium,,,f2b2v3,
gen_002689,images/generated/sd35_medium/gen_002689.png,0,아우터,아우터,generated,,sd35_medium,,,f1b5v1,
gen_002690,images/generated/sd35_medium/gen_002690.png,0,아우터,아우터,generated,,sd35_medium,,,f4b4v1,
gen_002691,images/generated/sd35_medium/gen_002691.png,0,아우터,아우터,generated,,sd35_medium,,,f4b4v2,
gen_002692,images/generated/sd35_medium/gen_002692.png,0,아우터,아우터,generated,,sd35_medium,,,f6b6v2,
gen_002693,images/generated/sd35_medium/gen_002693.png,0,아우터,아우터,generated,,sd35_medium,,,f5b7v3,
gen_002694,images/generated/sd35_medium/gen_002694.png,0,아우터,아우터,generated,,sd35_medium,,,f2b3v1,
gen_002695,images/generated/sd35_medium/gen_002695.png,0,아우터,아우터,generated,,sd35_medium,,,f2b1v1,
gen_002696,images/generated/sd35_medium/gen_002696.png,0,아우터,아우터,generated,,sd35_medium,,,f1b6v1,
gen_002697,images/generated/sd35_medium/gen_002697.png,0,아우터,아우터,generated,,sd35_medium,,,f2b4v1,
gen_002698,images/generated/sd35_medium/gen_002698.png,0,아우터,아우터,generated,,sd35_medium,,,f6b6v2,
gen_002699,images/generated/sd35_medium/gen_002699.png,0,아우터,아우터,generated,,sd35_medium,,,f1b1v1,
gen_002700,images/generated/sd35_medium/gen_002700.png,0,아우터,아우터,generated,,sd35_medium,,,f1b7v1,
gen_002701,images/generated/sd35_medium/gen_002701.png,0,아우터,아우터,generated,,sd35_medium,,,f6b7v2,
gen_002702,images/generated/sd35_medium/gen_002702.png,0,아우터,아우터,generated,,sd35_medium,,,f5b2v3,
gen_002703,images/generated/sd35_medium/gen_002703.png,0,아우터,아우터,generated,,sd35_medium,,,f6b3v1,
gen_002704,images/generated/sd35_medium/gen_002704.png,0,아우터,아우터,generated,,sd35_medium,,,f2b1v1,
gen_002705,images/generated/sd35_medium/gen_002705.png,0,아우터,아우터,generated,,sd35_medium,,,f4b2v1,
gen_002706,images/generated/sd35_medium/gen_002706.png,0,아우터,아우터,generated,,sd35_medium,,,f4b7v1,
gen_002707,images/generated/sd35_medium/gen_002707.png,0,아우터,아우터,generated,,sd35_medium,,,f1b1v1,
gen_002708,images/generated/sd35_medium/gen_002708.png,0,아우터,아우터,generated,,sd35_medium,,,f6b2v1,
gen_002709,images/generated/sd35_medium/gen_002709.png,0,아우터,아우터,generated,,sd35_medium,,,f1b4v2,
gen_002710,images/generated/sd35_medium/gen_002710.png,0,아우터,아우터,generated,,sd35_medium,,,f5b6v1,
gen_002711,images/generated/sd35_medium/gen_002711.png,0,아우터,아우터,generated,,sd35_medium,,,f4b4v1,
gen_002712,images/generated/sd35_medium/gen_002712.png,0,아우터,아우터,generated,,sd35_medium,,,f4b5v1,
gen_002713,images/generated/sd35_medium/gen_002713.png,0,아우터,아우터,generated,,sd35_medium,,,f6b4v3,
gen_002714,images/generated/sd35_medium/gen_002714.png,0,아우터,아우터,generated,,sd35_medium,,,f2b7v1,
gen_002715,images/generated/sd35_medium/gen_002715.png,0,아우터,아우터,generated,,sd35_medium,,,f3b3v3,
gen_002716,images/generated/sd35_medium/gen_002716.png,0,아우터,아우터,generated,,sd35_medium,,,f5b5v1,
gen_002717,images/generated/sd35_medium/gen_002717.png,0,아우터,아우터,generated,,sd35_medium,,,f2b7v1,
gen_002718,images/generated/sd35_medium/gen_002718.png,0,아우터,아우터,generated,,sd35_medium,,,f3b3v2,
gen_002719,images/generated/sd35_medium/gen_002719.png,0,아우터,아우터,generated,,sd35_medium,,,f2b5v1,
gen_002720,images/generated/sd35_medium/gen_002720.png,0,아우터,아우터,generated,,sd35_medium,,,f3b4v2,
gen_002721,images/generated/sd35_medium/gen_002721.png,0,아우터,아우터,generated,,sd35_medium,,,f2b1v2,
gen_002722,images/generated/sd35_medium/gen_002722.png,0,아우터,아우터,generated,,sd35_medium,,,f6b5v3,
gen_002723,images/generated/sd35_medium/gen_002723.png,0,아우터,아우터,generated,,sd35_medium,,,f4b2v1,
gen_002724,images/generated/sd35_medium/gen_002724.png,0,아우터,아우터,generated,,sd35_medium,,,f3b3v2,
gen_002725,images/generated/sd35_medium/gen_002725.png,0,아우터,아우터,generated,,sd35_medium,,,f1b4v1,
gen_002726,images/generated/sd35_medium/gen_002726.png,0,아우터,아우터,generated,,sd35_medium,,,f3b1v1,
gen_002727,images/generated/sd35_medium/gen_002727.png,0,아우터,아우터,generated,,sd35_medium,,,f3b4v2,
gen_002728,images/generated/sd35_medium/gen_002728.png,0,아우터,아우터,generated,,sd35_medium,,,f5b3v1,
gen_002729,images/generated/sd35_medium/gen_002729.png,0,아우터,아우터,generated,,sd35_medium,,,f2b3v2,
gen_002730,images/generated/sd35_medium/gen_002730.png,0,아우터,아우터,generated,,sd35_medium,,,f1b4v1,
gen_002731,images/generated/sd35_medium/gen_002731.png,0,아우터,아우터,generated,,sd35_medium,,,f2b4v2,
gen_002732,images/generated/sd35_medium/gen_002732.png,0,아우터,아우터,generated,,sd35_medium,,,f1b7v1,
gen_002733,images/generated/sd35_medium/gen_002733.png,0,아우터,아우터,generated,,sd35_medium,,,f6b6v1,
gen_002734,images/generated/sd35_medium/gen_002734.png,0,아우터,아우터,generated,,sd35_medium,,,f6b6v1,
gen_002735,images/generated/sd35_medium/gen_002735.png,0,아우터,아우터,generated,,sd35_medium,,,f6b1v1,
gen_002736,images/generated/sd35_medium/gen_002736.png,0,아우터,아우터,generated,,sd35_medium,,,f3b7v3,
gen_002737,images/generated/sd35_medium/gen_002737.png,0,아우터,아우터,generated,,sd35_medium,,,f5b4v1,
gen_002738,images/generated/sd35_medium/gen_002738.png,0,아우터,아우터,generated,,sd35_medium,,,f4b5v1,
gen_002739,images/generated/sd35_medium/gen_002739.png,0,아우터,아우터,generated,,sd35_medium,,,f5b6v1,
gen_002740,images/generated/sd35_medium/gen_002740.png,0,아우터,아우터,generated,,sd35_medium,,,f1b3v1,
gen_002741,images/generated/sd35_medium/gen_002741.png,0,아우터,아우터,generated,,sd35_medium,,,f5b4v1,
gen_002742,images/generated/sd35_medium/gen_002742.png,0,아우터,아우터,generated,,sd35_medium,,,f3b6v1,
gen_002743,images/generated/sd35_medium/gen_002743.png,0,아우터,아우터,generated,,sd35_medium,,,f4b3v3,
gen_002744,images/generated/sd35_medium/gen_002744.png,0,아우터,아우터,generated,,sd35_medium,,,f6b4v2,
gen_002745,images/generated/sd35_medium/gen_002745.png,0,아우터,아우터,generated,,sd35_medium,,,f3b3v3,
gen_002746,images/generated/sd35_medium/gen_002746.png,0,아우터,아우터,generated,,sd35_medium,,,f1b1v3,
gen_002747,images/generated/sd35_medium/gen_002747.png,0,아우터,아우터,generated,,sd35_medium,,,f6b6v1,
gen_002748,images/generated/sd35_medium/gen_002748.png,0,아우터,아우터,generated,,sd35_medium,,,f4b1v2,
gen_002749,images/generated/sd35_medium/gen_002749.png,0,아우터,아우터,generated,,sd35_medium,,,f3b2v1,
gen_002750,images/generated/sd35_medium/gen_002750.png,0,아우터,아우터,generated,,sd35_medium,,,f3b3v2,
gen_002751,images/generated/sd35_medium/gen_002751.png,0,아우터,아우터,generated,,sd35_medium,,,f2b6v1,
gen_002752,images/generated/sd35_medium/gen_002752.png,0,아우터,아우터,generated,,sd35_medium,,,f6b3v2,
gen_002753,images/generated/sd35_medium/gen_002753.png,0,아우터,아우터,generated,,sd35_medium,,,f1b6v3,
gen_002754,images/generated/sd35_medium/gen_002754.png,0,아우터,아우터,generated,,sd35_medium,,,f3b7v3,
gen_002755,images/generated/sd35_medium/gen_002755.png,0,아우터,아우터,generated,,sd35_medium,,,f6b2v3,
gen_002756,images/generated/sd35_medium/gen_002756.png,0,아우터,아우터,generated,,sd35_medium,,,f5b3v3,
gen_002757,images/generated/sd35_medium/gen_002757.png,0,아우터,아우터,generated,,sd35_medium,,,f4b5v1,
gen_002758,images/generated/sd35_medium/gen_002758.png,0,아우터,아우터,generated,,sd35_medium,,,f3b3v1,
gen_002759,images/generated/sd35_medium/gen_002759.png,0,아우터,아우터,generated,,sd35_medium,,,f1b7v1,
gen_002760,images/generated/sd35_medium/gen_002760.png,0,아우터,아우터,generated,,sd35_medium,,,f4b4v1,
gen_002761,images/generated/sd35_medium/gen_002761.png,0,아우터,아우터,generated,,sd35_medium,,,f3b4v3,
gen_002762,images/generated/sd35_medium/gen_002762.png,0,아우터,아우터,generated,,sd35_medium,,,f4b7v2,
gen_002763,images/generated/sd35_medium/gen_002763.png,0,아우터,아우터,generated,,sd35_medium,,,f1b3v1,
gen_002764,images/generated/sd35_medium/gen_002764.png,0,아우터,아우터,generated,,sd35_medium,,,f6b3v2,
gen_002765,images/generated/sd35_medium/gen_002765.png,0,아우터,아우터,generated,,sd35_medium,,,f2b3v2,
gen_002766,images/generated/sd35_medium/gen_002766.png,0,상의,상의|하의,generated,,sd35_medium,,,f4b6v2,
gen_002767,images/generated/sd35_medium/gen_002767.png,0,상의,상의|하의,generated,,sd35_medium,,,f4b5v1,
gen_002768,images/generated/sd35_medium/gen_002768.png,0,상의,상의|하의,generated,,sd35_medium,,,f1b2v2,
gen_002769,images/generated/sd35_medium/gen_002769.png,0,상의,상의|하의,generated,,sd35_medium,,,f2b7v1,
gen_002770,images/generated/sd35_medium/gen_002770.png,0,상의,상의|하의,generated,,sd35_medium,,,f3b5v1,
gen_002771,images/generated/sd35_medium/gen_002771.png,0,상의,상의|하의,generated,,sd35_medium,,,f4b5v1,
gen_002772,images/generated/sd35_medium/gen_002772.png,0,상의,상의|하의,generated,,sd35_medium,,,f6b1v2,
gen_002773,images/generated/sd35_medium/gen_002773.png,0,상의,상의|하의,generated,,sd35_medium,,,f6b6v1,
gen_002774,images/generated/sd35_medium/gen_002774.png,0,상의,상의|하의,generated,,sd35_medium,,,f3b1v1,
gen_002775,images/generated/sd35_medium/gen_002775.png,0,상의,상의|하의,generated,,sd35_medium,,,f5b3v1,
gen_002776,images/generated/sd35_medium/gen_002776.png,0,상의,상의|하의,generated,,sd35_medium,,,f5b2v2,
gen_002777,images/generated/sd35_medium/gen_002777.png,0,상의,상의|하의,generated,,sd35_medium,,,f6b3v1,
gen_002778,images/generated/sd35_medium/gen_002778.png,0,상의,상의|하의,generated,,sd35_medium,,,f6b2v1,
gen_002779,images/generated/sd35_medium/gen_002779.png,0,상의,상의|하의,generated,,sd35_medium,,,f1b2v1,
gen_002780,images/generated/sd35_medium/gen_002780.png,0,상의,상의|하의,generated,,sd35_medium,,,f6b4v2,
gen_002781,images/generated/sd35_medium/gen_002781.png,0,상의,상의|하의,generated,,sd35_medium,,,f5b6v1,
gen_002782,images/generated/sd35_medium/gen_002782.png,0,상의,상의|하의,generated,,sd35_medium,,,f2b7v2,
gen_002783,images/generated/sd35_medium/gen_002783.png,0,상의,상의|하의,generated,,sd35_medium,,,f1b4v1,
gen_002784,images/generated/sd35_medium/gen_002784.png,0,상의,상의|하의,generated,,sd35_medium,,,f6b1v1,
gen_002785,images/generated/sd35_medium/gen_002785.png,0,상의,상의|하의,generated,,sd35_medium,,,f5b4v1,
gen_002786,images/generated/sd35_medium/gen_002786.png,0,상의,상의|하의,generated,,sd35_medium,,,f2b1v2,
gen_002787,images/generated/sd35_medium/gen_002787.png,0,상의,상의|하의,generated,,sd35_medium,,,f5b1v1,
gen_002788,images/generated/sd35_medium/gen_002788.png,0,상의,상의|하의,generated,,sd35_medium,,,f6b1v3,
gen_002789,images/generated/sd35_medium/gen_002789.png,0,상의,상의|하의,generated,,sd35_medium,,,f1b1v2,
gen_002790,images/generated/sd35_medium/gen_002790.png,0,상의,상의|하의,generated,,sd35_medium,,,f2b2v3,
gen_002791,images/generated/sd35_medium/gen_002791.png,0,상의,상의|하의,generated,,sd35_medium,,,f2b5v1,
gen_002792,images/generated/sd35_medium/gen_002792.png,0,상의,상의|하의,generated,,sd35_medium,,,f2b1v1,
gen_002793,images/generated/sd35_medium/gen_002793.png,0,상의,상의|하의,generated,,sd35_medium,,,f4b3v1,
gen_002794,images/generated/sd35_medium/gen_002794.png,0,상의,상의|하의,generated,,sd35_medium,,,f5b5v1,
gen_002795,images/generated/sd35_medium/gen_002795.png,0,상의,상의|하의,generated,,sd35_medium,,,f1b5v1,
gen_002796,images/generated/sd35_medium/gen_002796.png,0,상의,상의|하의,generated,,sd35_medium,,,f6b4v1,
gen_002797,images/generated/sd35_medium/gen_002797.png,0,상의,상의|하의,generated,,sd35_medium,,,f4b7v1,
gen_002798,images/generated/sd35_medium/gen_002798.png,0,상의,상의|하의,generated,,sd35_medium,,,f6b5v1,
gen_002799,images/generated/sd35_medium/gen_002799.png,0,상의,상의|하의,generated,,sd35_medium,,,f6b2v2,
gen_002800,images/generated/sd35_medium/gen_002800.png,0,상의,상의|하의,generated,,sd35_medium,,,f4b6v1,
gen_002801,images/generated/sd35_medium/gen_002801.png,0,상의,상의|하의,generated,,sd35_medium,,,f2b6v2,
gen_002802,images/generated/sd35_medium/gen_002802.png,0,상의,상의|하의,generated,,sd35_medium,,,f3b1v3,
gen_002803,images/generated/sd35_medium/gen_002803.png,0,상의,상의|하의,generated,,sd35_medium,,,f3b7v1,
gen_002804,images/generated/sd35_medium/gen_002804.png,0,상의,상의|하의,generated,,sd35_medium,,,f3b7v2,
gen_002805,images/generated/sd35_medium/gen_002805.png,0,상의,상의|하의,generated,,sd35_medium,,,f1b3v1,
gen_002806,images/generated/sd35_medium/gen_002806.png,0,상의,상의|하의,generated,,sd35_medium,,,f3b3v1,
gen_002807,images/generated/sd35_medium/gen_002807.png,0,상의,상의|하의,generated,,sd35_medium,,,f2b6v2,
gen_002808,images/generated/sd35_medium/gen_002808.png,0,상의,상의|하의,generated,,sd35_medium,,,f4b5v1,
gen_002809,images/generated/sd35_medium/gen_002809.png,0,상의,상의|하의,generated,,sd35_medium,,,f2b7v1,
gen_002810,images/generated/sd35_medium/gen_002810.png,0,상의,상의|하의,generated,,sd35_medium,,,f3b1v2,
gen_002811,images/generated/sd35_medium/gen_002811.png,0,상의,상의|하의,generated,,sd35_medium,,,f3b5v1,
gen_002812,images/generated/sd35_medium/gen_002812.png,0,상의,상의|하의,generated,,sd35_medium,,,f4b4v1,
gen_002813,images/generated/sd35_medium/gen_002813.png,0,상의,상의|하의,generated,,sd35_medium,,,f3b4v2,
gen_002814,images/generated/sd35_medium/gen_002814.png,0,상의,상의|하의,generated,,sd35_medium,,,f5b6v2,
gen_002815,images/generated/sd35_medium/gen_002815.png,0,상의,상의|하의,generated,,sd35_medium,,,f5b4v2,
gen_002816,images/generated/sd35_medium/gen_002816.png,0,상의,상의|하의,generated,,sd35_medium,,,f5b4v2,
gen_002817,images/generated/sd35_medium/gen_002817.png,0,상의,상의|하의,generated,,sd35_medium,,,f3b4v2,
gen_002818,images/generated/sd35_medium/gen_002818.png,0,상의,상의|하의,generated,,sd35_medium,,,f4b2v2,
gen_002819,images/generated/sd35_medium/gen_002819.png,0,상의,상의|하의,generated,,sd35_medium,,,f1b3v2,
gen_002820,images/generated/sd35_medium/gen_002820.png,0,상의,상의|하의,generated,,sd35_medium,,,f2b5v1,
gen_002821,images/generated/sd35_medium/gen_002821.png,0,상의,상의|하의,generated,,sd35_medium,,,f4b6v2,
gen_002822,images/generated/sd35_medium/gen_002822.png,0,상의,상의|하의,generated,,sd35_medium,,,f3b3v1,
gen_002823,images/generated/sd35_medium/gen_002823.png,0,상의,상의|하의,generated,,sd35_medium,,,f5b4v1,
gen_002824,images/generated/sd35_medium/gen_002824.png,0,상의,상의|하의,generated,,sd35_medium,,,f3b7v1,
gen_002825,images/generated/sd35_medium/gen_002825.png,0,상의,상의|하의,generated,,sd35_medium,,,f4b2v1,
gen_002826,images/generated/sd35_medium/gen_002826.png,0,상의,상의|하의,generated,,sd35_medium,,,f4b4v1,
gen_002827,images/generated/sd35_medium/gen_002827.png,0,상의,상의|하의,generated,,sd35_medium,,,f1b7v2,
gen_002828,images/generated/sd35_medium/gen_002828.png,0,상의,상의|하의,generated,,sd35_medium,,,f3b1v1,
gen_002829,images/generated/sd35_medium/gen_002829.png,0,상의,상의|하의,generated,,sd35_medium,,,f1b3v1,
gen_002830,images/generated/sd35_medium/gen_002830.png,0,상의,상의|하의,generated,,sd35_medium,,,f3b3v3,
gen_002831,images/generated/sd35_medium/gen_002831.png,0,상의,상의|하의,generated,,sd35_medium,,,f5b6v2,
gen_002832,images/generated/sd35_medium/gen_002832.png,0,상의,상의|하의,generated,,sd35_medium,,,f3b5v3,
gen_002833,images/generated/sd35_medium/gen_002833.png,0,상의,상의|하의,generated,,sd35_medium,,,f4b7v1,
gen_002834,images/generated/sd35_medium/gen_002834.png,0,상의,상의|하의,generated,,sd35_medium,,,f3b5v3,
gen_002835,images/generated/sd35_medium/gen_002835.png,0,상의,상의|하의,generated,,sd35_medium,,,f4b5v2,
gen_002836,images/generated/sd35_medium/gen_002836.png,0,상의,상의|하의,generated,,sd35_medium,,,f6b3v2,
gen_002837,images/generated/sd35_medium/gen_002837.png,0,상의,상의|하의,generated,,sd35_medium,,,f4b5v1,
gen_002838,images/generated/sd35_medium/gen_002838.png,0,상의,상의|하의,generated,,sd35_medium,,,f5b3v2,
gen_002839,images/generated/sd35_medium/gen_002839.png,0,상의,상의|하의,generated,,sd35_medium,,,f2b7v2,
gen_002840,images/generated/sd35_medium/gen_002840.png,0,상의,상의|하의,generated,,sd35_medium,,,f3b6v3,
gen_002841,images/generated/sd35_medium/gen_002841.png,0,상의,상의|하의,generated,,sd35_medium,,,f3b2v2,
gen_002842,images/generated/sd35_medium/gen_002842.png,0,상의,상의|하의,generated,,sd35_medium,,,f4b4v3,
gen_002843,images/generated/sd35_medium/gen_002843.png,0,상의,상의|하의,generated,,sd35_medium,,,f1b1v2,
gen_002844,images/generated/sd35_medium/gen_002844.png,0,상의,상의|하의,generated,,sd35_medium,,,f3b5v3,
gen_002845,images/generated/sd35_medium/gen_002845.png,0,상의,상의|하의,generated,,sd35_medium,,,f2b4v1,
gen_002846,images/generated/sd35_medium/gen_002846.png,0,상의,상의|하의,generated,,sd35_medium,,,f1b6v2,
gen_002847,images/generated/sd35_medium/gen_002847.png,0,상의,상의|하의,generated,,sd35_medium,,,f6b3v3,
gen_002848,images/generated/sd35_medium/gen_002848.png,0,상의,상의|하의,generated,,sd35_medium,,,f3b7v2,
gen_002849,images/generated/sd35_medium/gen_002849.png,0,상의,상의|하의,generated,,sd35_medium,,,f3b7v1,
gen_002850,images/generated/sd35_medium/gen_002850.png,0,상의,상의|하의,generated,,sd35_medium,,,f2b3v1,
gen_002851,images/generated/sd35_medium/gen_002851.png,0,상의,상의|하의,generated,,sd35_medium,,,f6b1v2,
gen_002852,images/generated/sd35_medium/gen_002852.png,0,상의,상의|하의,generated,,sd35_medium,,,f2b4v2,
gen_002853,images/generated/sd35_medium/gen_002853.png,0,상의,상의|하의,generated,,sd35_medium,,,f6b2v1,
gen_002854,images/generated/sd35_medium/gen_002854.png,0,상의,상의|하의,generated,,sd35_medium,,,f3b4v2,
gen_002855,images/generated/sd35_medium/gen_002855.png,0,상의,상의|하의,generated,,sd35_medium,,,f6b5v3,
gen_002856,images/generated/sd35_medium/gen_002856.png,0,상의,상의|하의,generated,,sd35_medium,,,f5b1v3,
gen_002857,images/generated/sd35_medium/gen_002857.png,0,상의,상의|하의,generated,,sd35_medium,,,f4b5v1,
gen_002858,images/generated/sd35_medium/gen_002858.png,0,상의,상의|하의,generated,,sd35_medium,,,f4b7v1,
gen_002859,images/generated/sd35_medium/gen_002859.png,0,상의,상의|하의,generated,,sd35_medium,,,f4b4v3,
gen_002860,images/generated/sd35_medium/gen_002860.png,0,상의,상의|하의,generated,,sd35_medium,,,f4b5v3,
gen_002861,images/generated/sd35_medium/gen_002861.png,0,상의,상의|하의,generated,,sd35_medium,,,f6b3v1,
gen_002862,images/generated/sd35_medium/gen_002862.png,0,상의,상의|하의,generated,,sd35_medium,,,f2b4v1,
gen_002863,images/generated/sd35_medium/gen_002863.png,0,상의,상의|하의,generated,,sd35_medium,,,f2b2v1,
gen_002864,images/generated/sd35_medium/gen_002864.png,0,상의,상의|하의,generated,,sd35_medium,,,f2b4v1,
gen_002865,images/generated/sd35_medium/gen_002865.png,0,상의,상의|하의,generated,,sd35_medium,,,f6b4v1,
gen_002866,images/generated/sd35_medium/gen_002866.png,0,상의,상의|하의,generated,,sd35_medium,,,f3b5v2,
gen_002867,images/generated/sd35_medium/gen_002867.png,0,상의,상의|하의,generated,,sd35_medium,,,f1b5v1,
gen_002868,images/generated/sd35_medium/gen_002868.png,0,상의,상의|하의,generated,,sd35_medium,,,f2b3v1,
gen_002869,images/generated/sd35_medium/gen_002869.png,0,상의,상의|하의,generated,,sd35_medium,,,f6b7v1,
gen_002870,images/generated/sd35_medium/gen_002870.png,0,상의,상의|하의,generated,,sd35_medium,,,f2b3v3,
gen_002871,images/generated/sd35_medium/gen_002871.png,0,상의,상의|하의,generated,,sd35_medium,,,f1b1v2,
gen_002872,images/generated/sd35_medium/gen_002872.png,0,상의,상의|하의,generated,,sd35_medium,,,f1b5v1,
gen_002873,images/generated/sd35_medium/gen_002873.png,0,상의,상의|하의,generated,,sd35_medium,,,f5b2v2,
gen_002874,images/generated/sd35_medium/gen_002874.png,0,상의,상의|하의,generated,,sd35_medium,,,f6b1v3,
gen_002875,images/generated/sd35_medium/gen_002875.png,0,상의,상의|하의,generated,,sd35_medium,,,f5b2v1,
gen_002876,images/generated/sd35_medium/gen_002876.png,0,상의,상의|하의,generated,,sd35_medium,,,f2b5v3,
gen_002877,images/generated/sd35_medium/gen_002877.png,0,상의,상의|하의,generated,,sd35_medium,,,f5b2v1,
gen_002878,images/generated/sd35_medium/gen_002878.png,0,상의,상의|하의,generated,,sd35_medium,,,f3b7v3,
gen_002879,images/generated/sd35_medium/gen_002879.png,0,상의,상의|하의,generated,,sd35_medium,,,f1b4v2,
gen_002880,images/generated/sd35_medium/gen_002880.png,0,상의,상의|하의,generated,,sd35_medium,,,f3b6v2,
gen_002881,images/generated/sd35_medium/gen_002881.png,0,상의,상의|하의,generated,,sd35_medium,,,f5b1v2,
gen_002882,images/generated/sd35_medium/gen_002882.png,0,상의,상의|하의,generated,,sd35_medium,,,f6b1v2,
gen_002883,images/generated/sd35_medium/gen_002883.png,0,상의,상의|하의,generated,,sd35_medium,,,f3b1v2,
gen_002884,images/generated/sd35_medium/gen_002884.png,0,상의,상의|하의,generated,,sd35_medium,,,f4b3v1,
gen_002885,images/generated/sd35_medium/gen_002885.png,0,하의,상의|하의,generated,,sd35_medium,,,f5b7v1,
gen_002886,images/generated/sd35_medium/gen_002886.png,0,하의,상의|하의,generated,,sd35_medium,,,f1b2v2,
gen_002887,images/generated/sd35_medium/gen_002887.png,0,하의,상의|하의,generated,,sd35_medium,,,f5b1v3,
gen_002888,images/generated/sd35_medium/gen_002888.png,0,하의,상의|하의,generated,,sd35_medium,,,f1b6v1,
gen_002889,images/generated/sd35_medium/gen_002889.png,0,하의,상의|하의,generated,,sd35_medium,,,f5b4v1,
gen_002890,images/generated/sd35_medium/gen_002890.png,0,하의,상의|하의,generated,,sd35_medium,,,f5b2v1,
gen_002891,images/generated/sd35_medium/gen_002891.png,0,하의,상의|하의,generated,,sd35_medium,,,f6b3v1,
gen_002892,images/generated/sd35_medium/gen_002892.png,0,하의,상의|하의,generated,,sd35_medium,,,f5b4v1,
gen_002893,images/generated/sd35_medium/gen_002893.png,0,하의,상의|하의,generated,,sd35_medium,,,f1b6v3,
gen_002894,images/generated/sd35_medium/gen_002894.png,0,하의,상의|하의,generated,,sd35_medium,,,f1b2v3,
gen_002895,images/generated/sd35_medium/gen_002895.png,0,하의,상의|하의,generated,,sd35_medium,,,f1b5v1,
gen_002896,images/generated/sd35_medium/gen_002896.png,0,하의,상의|하의,generated,,sd35_medium,,,f2b3v3,
gen_002897,images/generated/sd35_medium/gen_002897.png,0,하의,상의|하의,generated,,sd35_medium,,,f3b3v2,
gen_002898,images/generated/sd35_medium/gen_002898.png,0,하의,상의|하의,generated,,sd35_medium,,,f2b4v1,
gen_002899,images/generated/sd35_medium/gen_002899.png,0,하의,상의|하의,generated,,sd35_medium,,,f4b5v1,
gen_002900,images/generated/sd35_medium/gen_002900.png,0,하의,상의|하의,generated,,sd35_medium,,,f6b7v1,
gen_002901,images/generated/sd35_medium/gen_002901.png,0,하의,상의|하의,generated,,sd35_medium,,,f3b2v3,
gen_002902,images/generated/sd35_medium/gen_002902.png,0,하의,상의|하의,generated,,sd35_medium,,,f4b3v1,
gen_002903,images/generated/sd35_medium/gen_002903.png,0,하의,상의|하의,generated,,sd35_medium,,,f3b7v2,
gen_002904,images/generated/sd35_medium/gen_002904.png,0,하의,상의|하의,generated,,sd35_medium,,,f6b5v1,
gen_002905,images/generated/sd35_medium/gen_002905.png,0,하의,상의|하의,generated,,sd35_medium,,,f3b7v1,
gen_002906,images/generated/sd35_medium/gen_002906.png,0,하의,상의|하의,generated,,sd35_medium,,,f6b3v1,
gen_002907,images/generated/sd35_medium/gen_002907.png,0,하의,상의|하의,generated,,sd35_medium,,,f5b4v1,
gen_002908,images/generated/sd35_medium/gen_002908.png,0,하의,상의|하의,generated,,sd35_medium,,,f6b7v1,
gen_002909,images/generated/sd35_medium/gen_002909.png,0,하의,상의|하의,generated,,sd35_medium,,,f5b6v1,
gen_002910,images/generated/sd35_medium/gen_002910.png,0,하의,상의|하의,generated,,sd35_medium,,,f2b7v1,
gen_002911,images/generated/sd35_medium/gen_002911.png,0,하의,상의|하의,generated,,sd35_medium,,,f1b7v1,
gen_002912,images/generated/sd35_medium/gen_002912.png,0,하의,상의|하의,generated,,sd35_medium,,,f4b5v1,
gen_002913,images/generated/sd35_medium/gen_002913.png,0,하의,상의|하의,generated,,sd35_medium,,,f6b5v3,
gen_002914,images/generated/sd35_medium/gen_002914.png,0,하의,상의|하의,generated,,sd35_medium,,,f4b5v1,
gen_002915,images/generated/sd35_medium/gen_002915.png,0,하의,상의|하의,generated,,sd35_medium,,,f2b2v1,
gen_002916,images/generated/sd35_medium/gen_002916.png,0,하의,상의|하의,generated,,sd35_medium,,,f2b4v1,
gen_002917,images/generated/sd35_medium/gen_002917.png,0,하의,상의|하의,generated,,sd35_medium,,,f1b1v1,
gen_002918,images/generated/sd35_medium/gen_002918.png,0,하의,상의|하의,generated,,sd35_medium,,,f2b6v3,
gen_002919,images/generated/sd35_medium/gen_002919.png,0,하의,상의|하의,generated,,sd35_medium,,,f4b7v1,
gen_002920,images/generated/sd35_medium/gen_002920.png,0,하의,상의|하의,generated,,sd35_medium,,,f5b4v1,
gen_002921,images/generated/sd35_medium/gen_002921.png,0,하의,상의|하의,generated,,sd35_medium,,,f5b4v2,
gen_002922,images/generated/sd35_medium/gen_002922.png,0,하의,상의|하의,generated,,sd35_medium,,,f6b1v1,
gen_002923,images/generated/sd35_medium/gen_002923.png,0,하의,상의|하의,generated,,sd35_medium,,,f6b3v2,
gen_002924,images/generated/sd35_medium/gen_002924.png,0,하의,상의|하의,generated,,sd35_medium,,,f5b2v1,
gen_002925,images/generated/sd35_medium/gen_002925.png,0,하의,상의|하의,generated,,sd35_medium,,,f3b4v2,
gen_002926,images/generated/sd35_medium/gen_002926.png,0,하의,상의|하의,generated,,sd35_medium,,,f1b3v2,
gen_002927,images/generated/sd35_medium/gen_002927.png,0,하의,상의|하의,generated,,sd35_medium,,,f2b3v2,
gen_002928,images/generated/sd35_medium/gen_002928.png,0,하의,상의|하의,generated,,sd35_medium,,,f3b3v1,
gen_002929,images/generated/sd35_medium/gen_002929.png,0,하의,상의|하의,generated,,sd35_medium,,,f6b4v1,
gen_002930,images/generated/sd35_medium/gen_002930.png,0,하의,상의|하의,generated,,sd35_medium,,,f2b5v3,
gen_002931,images/generated/sd35_medium/gen_002931.png,0,하의,상의|하의,generated,,sd35_medium,,,f3b4v1,
gen_002932,images/generated/sd35_medium/gen_002932.png,0,하의,상의|하의,generated,,sd35_medium,,,f1b1v1,
gen_002933,images/generated/sd35_medium/gen_002933.png,0,하의,상의|하의,generated,,sd35_medium,,,f6b1v1,
gen_002934,images/generated/sd35_medium/gen_002934.png,0,하의,상의|하의,generated,,sd35_medium,,,f5b4v1,
gen_002935,images/generated/sd35_medium/gen_002935.png,0,하의,상의|하의,generated,,sd35_medium,,,f6b3v3,
gen_002936,images/generated/sd35_medium/gen_002936.png,0,하의,상의|하의,generated,,sd35_medium,,,f3b7v3,
gen_002937,images/generated/sd35_medium/gen_002937.png,0,하의,상의|하의,generated,,sd35_medium,,,f3b4v1,
gen_002938,images/generated/sd35_medium/gen_002938.png,0,하의,상의|하의,generated,,sd35_medium,,,f2b2v1,
gen_002939,images/generated/sd35_medium/gen_002939.png,0,하의,상의|하의,generated,,sd35_medium,,,f2b2v2,
gen_002940,images/generated/sd35_medium/gen_002940.png,0,하의,상의|하의,generated,,sd35_medium,,,f1b5v1,
gen_002941,images/generated/sd35_medium/gen_002941.png,0,하의,상의|하의,generated,,sd35_medium,,,f3b1v2,
gen_002942,images/generated/sd35_medium/gen_002942.png,0,하의,상의|하의,generated,,sd35_medium,,,f5b4v1,
gen_002943,images/generated/sd35_medium/gen_002943.png,0,하의,상의|하의,generated,,sd35_medium,,,f3b5v1,
gen_002944,images/generated/sd35_medium/gen_002944.png,0,하의,상의|하의,generated,,sd35_medium,,,f6b1v2,
gen_002945,images/generated/sd35_medium/gen_002945.png,0,하의,상의|하의,generated,,sd35_medium,,,f6b7v3,
gen_002946,images/generated/sd35_medium/gen_002946.png,0,하의,상의|하의,generated,,sd35_medium,,,f1b7v1,
gen_002947,images/generated/sd35_medium/gen_002947.png,0,하의,상의|하의,generated,,sd35_medium,,,f3b2v2,
gen_002948,images/generated/sd35_medium/gen_002948.png,0,하의,상의|하의,generated,,sd35_medium,,,f5b5v2,
gen_002949,images/generated/sd35_medium/gen_002949.png,0,하의,상의|하의,generated,,sd35_medium,,,f1b1v2,
gen_002950,images/generated/sd35_medium/gen_002950.png,0,하의,상의|하의,generated,,sd35_medium,,,f4b7v1,
gen_002951,images/generated/sd35_medium/gen_002951.png,0,하의,상의|하의,generated,,sd35_medium,,,f2b7v1,
gen_002952,images/generated/sd35_medium/gen_002952.png,0,하의,상의|하의,generated,,sd35_medium,,,f1b4v1,
gen_002953,images/generated/sd35_medium/gen_002953.png,0,하의,상의|하의,generated,,sd35_medium,,,f5b3v1,
gen_002954,images/generated/sd35_medium/gen_002954.png,0,하의,상의|하의,generated,,sd35_medium,,,f4b2v3,
gen_002955,images/generated/sd35_medium/gen_002955.png,0,하의,상의|하의,generated,,sd35_medium,,,f3b7v1,
gen_002956,images/generated/sd35_medium/gen_002956.png,0,하의,상의|하의,generated,,sd35_medium,,,f1b1v1,
gen_002957,images/generated/sd35_medium/gen_002957.png,0,하의,상의|하의,generated,,sd35_medium,,,f4b3v1,
gen_002958,images/generated/sd35_medium/gen_002958.png,0,하의,상의|하의,generated,,sd35_medium,,,f1b6v1,
gen_002959,images/generated/sd35_medium/gen_002959.png,0,하의,상의|하의,generated,,sd35_medium,,,f3b6v2,
gen_002960,images/generated/sd35_medium/gen_002960.png,0,하의,상의|하의,generated,,sd35_medium,,,f3b4v1,
gen_002961,images/generated/sd35_medium/gen_002961.png,0,하의,상의|하의,generated,,sd35_medium,,,f5b1v1,
gen_002962,images/generated/sd35_medium/gen_002962.png,0,하의,상의|하의,generated,,sd35_medium,,,f2b2v2,
gen_002963,images/generated/sd35_medium/gen_002963.png,0,하의,상의|하의,generated,,sd35_medium,,,f4b4v1,
gen_002964,images/generated/sd35_medium/gen_002964.png,0,하의,상의|하의,generated,,sd35_medium,,,f1b2v1,
gen_002965,images/generated/sd35_medium/gen_002965.png,0,하의,상의|하의,generated,,sd35_medium,,,f1b4v1,
gen_002966,images/generated/sd35_medium/gen_002966.png,0,하의,상의|하의,generated,,sd35_medium,,,f4b1v1,
gen_002967,images/generated/sd35_medium/gen_002967.png,0,하의,상의|하의,generated,,sd35_medium,,,f6b4v1,
gen_002968,images/generated/sd35_medium/gen_002968.png,0,하의,상의|하의,generated,,sd35_medium,,,f6b5v2,
gen_002969,images/generated/sd35_medium/gen_002969.png,0,하의,상의|하의,generated,,sd35_medium,,,f4b2v2,
gen_002970,images/generated/sd35_medium/gen_002970.png,0,하의,상의|하의,generated,,sd35_medium,,,f3b5v1,
gen_002971,images/generated/sd35_medium/gen_002971.png,0,하의,상의|하의,generated,,sd35_medium,,,f5b3v1,
gen_002972,images/generated/sd35_medium/gen_002972.png,0,하의,상의|하의,generated,,sd35_medium,,,f3b6v1,
gen_002973,images/generated/sd35_medium/gen_002973.png,0,하의,상의|하의,generated,,sd35_medium,,,f2b1v1,
gen_002974,images/generated/sd35_medium/gen_002974.png,0,하의,상의|하의,generated,,sd35_medium,,,f6b1v1,
gen_002975,images/generated/sd35_medium/gen_002975.png,0,하의,상의|하의,generated,,sd35_medium,,,f5b5v2,
gen_002976,images/generated/sd35_medium/gen_002976.png,0,하의,상의|하의,generated,,sd35_medium,,,f6b7v1,
gen_002977,images/generated/sd35_medium/gen_002977.png,0,하의,상의|하의,generated,,sd35_medium,,,f6b1v1,
gen_002978,images/generated/sd35_medium/gen_002978.png,0,하의,상의|하의,generated,,sd35_medium,,,f6b2v1,
gen_002979,images/generated/sd35_medium/gen_002979.png,0,하의,상의|하의,generated,,sd35_medium,,,f1b3v1,
gen_002980,images/generated/sd35_medium/gen_002980.png,0,하의,상의|하의,generated,,sd35_medium,,,f1b6v1,
gen_002981,images/generated/sd35_medium/gen_002981.png,0,하의,상의|하의,generated,,sd35_medium,,,f3b1v1,
gen_002982,images/generated/sd35_medium/gen_002982.png,0,하의,상의|하의,generated,,sd35_medium,,,f2b2v3,
gen_002983,images/generated/sd35_medium/gen_002983.png,0,하의,상의|하의,generated,,sd35_medium,,,f6b6v2,
gen_002984,images/generated/sd35_medium/gen_002984.png,0,하의,상의|하의,generated,,sd35_medium,,,f5b3v3,
gen_002985,images/generated/sd35_medium/gen_002985.png,0,하의,상의|하의,generated,,sd35_medium,,,f1b6v1,
gen_002986,images/generated/sd35_medium/gen_002986.png,0,하의,상의|하의,generated,,sd35_medium,,,f2b4v1,
gen_002987,images/generated/sd35_medium/gen_002987.png,0,하의,상의|하의,generated,,sd35_medium,,,f4b3v2,
gen_002988,images/generated/sd35_medium/gen_002988.png,0,하의,상의|하의,generated,,sd35_medium,,,f6b5v2,
gen_002989,images/generated/sd35_medium/gen_002989.png,0,하의,상의|하의,generated,,sd35_medium,,,f4b7v3,
gen_002990,images/generated/sd35_medium/gen_002990.png,0,하의,상의|하의,generated,,sd35_medium,,,f6b7v1,
gen_002991,images/generated/sd35_medium/gen_002991.png,0,하의,상의|하의,generated,,sd35_medium,,,f5b7v1,
gen_002992,images/generated/sd35_medium/gen_002992.png,0,하의,상의|하의,generated,,sd35_medium,,,f2b6v1,
gen_002993,images/generated/sd35_medium/gen_002993.png,0,하의,상의|하의,generated,,sd35_medium,,,f4b5v2,
gen_002994,images/generated/sd35_medium/gen_002994.png,0,하의,상의|하의,generated,,sd35_medium,,,f5b4v2,
gen_002995,images/generated/sd35_medium/gen_002995.png,0,하의,상의|하의,generated,,sd35_medium,,,f1b1v1,
gen_002996,images/generated/sd35_medium/gen_002996.png,0,하의,상의|하의,generated,,sd35_medium,,,f2b6v1,
gen_002997,images/generated/sd35_medium/gen_002997.png,0,하의,상의|하의,generated,,sd35_medium,,,f5b6v3,
gen_002998,images/generated/sd35_medium/gen_002998.png,0,하의,상의|하의,generated,,sd35_medium,,,f5b5v1,
gen_002999,images/generated/sd35_medium/gen_002999.png,0,하의,상의|하의,generated,,sd35_medium,,,f5b5v1,
gen_003000,images/generated/sd35_medium/gen_003000.png,0,하의,상의|하의,generated,,sd35_medium,,,f4b3v1,
gen_003001,images/generated/sd35_medium/gen_003001.png,0,하의,상의|하의,generated,,sd35_medium,,,f6b1v1,
gen_003002,images/generated/sd35_medium/gen_003002.png,0,하의,상의|하의,generated,,sd35_medium,,,f3b3v1,
gen_003003,images/generated/sd35_medium/gen_003003.png,0,하의,상의|하의,generated,,sd35_medium,,,f3b4v3,
